iter	F1	CrossEntropy
0	0.8220015279	0.6905385962
1	0.8385650224	0.6883419091
2	0.8391401038	0.6861015428
3	0.8300510576	0.6839234411
4	0.8424908425	0.6816153142
5	0.8441176471	0.6795067087
6	0.8399412628	0.6775020943
7	0.8432671082	0.675352196
8	0.8435672515	0.673304264
9	0.8435672515	0.6716505295
10	0.8425655977	0.6696978384
11	0.8450292398	0.6677908513
12	0.8448023426	0.666091702
13	0.8464912281	0.6642090133
