iter	F1	CrossEntropy
0	0.8164422395	0.6890724508
1	0.8185654008	0.6851728539
2	0.8197183099	0.681647712
3	0.8188202247	0.6780787463
4	0.8176718093	0.6747443032
5	0.8170988087	0.6715202874
6	0.8176718093	0.6680993537
7	0.8170988087	0.6648773627
8	0.8170988087	0.6617524929
9	0.8170988087	0.6583347411
10	0.8170988087	0.6553446693
11	0.8170988087	0.6525197684
12	0.8170988087	0.6498054396
13	0.8170988087	0.6471222068
14	0.8170988087	0.6445086872
15	0.8170988087	0.6419982187
